iteration,value
0,11.274811201247253
1,11.274811128087649
2,11.274811073090305
3,11.274811051019581
4,11.274811000528452
5,11.274810896887736
6,11.274810856724192
7,11.274810815216476
8,11.274810649944733
9,11.274810572341687
10,11.274810472402113
11,11.27481042848085
12,11.274810324889675
13,11.27481022973048
14,11.274810144719194
