iteration,value
0,4.677625041939959
1,4.677624988135853
2,4.677624966257401
3,4.677624886667595
4,4.677624860410738
