iteration,value
0,18.675593161956048
1,18.675593081920006
2,18.675593022655338
3,18.67559300556151
4,18.675592950627788
5,18.675592841917542
6,18.675592803521667
7,18.675592763396722
8,18.675592578178822
9,18.675592479941116
10,18.67559238550494
11,18.67559233261378
12,18.675592225851652
13,18.6755921244101
14,18.675592032576493
