iteration,value
0,-5.857390789596865e-06
1,-5.8573907895970705e-06
2,-5.85739078959713e-06
3,-5.857390789597258e-06
4,-5.857390789597501e-06
