iteration,value
0,17.99562522831998
1,17.9956251245514
2,17.995625035551562
3,17.995624998911435
4,17.99562492914399
5,17.995624826946415
6,17.995624757337353
7,17.995624701126104
8,17.995624480307484
9,17.9956243736464
10,17.995624235990164
11,17.995624165803434
12,17.99562398359593
13,17.99562383992362
14,17.995623720608332
