iteration,value
0,1.3257434472885057
1,1.3257434471097442
2,1.3257434469462486
3,1.3257434468770442
4,1.3257434467542235
