iteration,value
0,4.266735358121418
1,4.266735302091015
2,4.266735254038113
3,4.266735200634986
4,4.266735136653304
