iteration,value
0,4193.815043574951
1,4193.8150435497655
2,4193.8150435411335
3,4193.815043526383
4,4193.815043496067
