iteration,value
0,3.4420985750877877
1,3.442098539855492
2,3.4420985100690427
3,3.4420984856325356
4,3.442098458776581
