iteration,value
0,17.538928034483177
1,17.538927934461185
2,17.53892789714111
3,17.53892786062138
4,17.538927767080256
5,17.538927600732293
6,17.53892756594426
7,17.53892753854321
8,17.538927408667455
9,17.53892733600208
