iteration,value
0,-3.2708967146459305
1,-3.2708967454809175
2,-3.2708967550220502
3,-3.2708967786978294
4,-3.2708968110341816
