iteration,value
0,15.358051983709917
1,15.358051475669864
2,15.358051322666263
3,15.358051042120046
4,15.358050589497378
5,15.358050072818267
6,15.358049800083538
7,15.358049504084867
8,15.35804891404429
9,15.358048695739113
10,15.358048436417508
11,15.358048121102614
12,15.35804775665725
13,15.358046803495089
14,15.358046431889694
