iteration,value
0,6.537844569765493
1,6.537844565493089
2,6.537844560006338
3,6.537844557835619
4,6.537844551059369
