iteration,value
0,-3.3576247800451653
1,-3.357624839286098
2,-3.35762488168628
3,-3.3576249411711507
4,-3.3576250225300366
