iteration,value
0,-7.813428243286387
1,-7.81342825180114
2,-7.813428261507726
3,-7.813428283462294
4,-7.813428293151541
