iteration,value
0,12.865817872585756
1,12.865817863872024
2,12.865817860701576
3,12.865817855206508
4,12.865817846640196
