iteration,value
0,12.865817872585756
1,10.031075175619549
2,6.954809747189486
3,6.931749907111391
4,6.931472333542366
5,6.9314718104892385
6,6.931471805806527
7,6.931471805616464
8,6.9314718056015785
9,6.931471805599808
10,6.931471805599526
11,6.931471805599472
12,6.9314718055994575
13,6.931471805599454
14,6.931471805599454
