iteration,value
0,18.522136608117947
1,3.5060203954670603
2,0.03567739604402925
3,0.001734580205861405
4,9.866569702744674e-05
5,9.931411770700728e-06
6,5.660750247632588e-07
7,1.0159719541726864e-08
8,2.1169818591578553e-11
9,1.8918151125112167e-14
10,1.7165429208249397e-16
11,3.9849581015381926e-18
12,1.6371942075632828e-19
13,1.0019057861589858e-20
14,8.271158974527462e-22
