iteration,value
0,65608.95076044645
1,23831431.498204947
2,2.008185105499846e+20
3,8.10131853589989e+87
4,8.10131853589989e+87
