iteration,value
0,12499892177.685963
1,12484326874.19247
2,7968253242.435988
3,724460913715.6145
4,3.9796696254448704e+20
5,8.219302091680146e+47
6,3.3213462458168376e+129
7,3.3213462458168376e+129
8,3.3213462458168376e+129
9,3.3213462458168376e+129
