iteration,value
0,65134.25620489525
1,22717968.364494767
2,2.2873578379237848e+20
3,1.5301027845892395e+88
4,1.5301027845892395e+88
