iteration,value
0,65629.93276470578
1,23825832.808357578
2,2.0058418711844533e+20
3,8.054189665012558e+87
4,8.054189665012558e+87
