iteration,value
0,6934271.79288408
1,2.2563901899974944e+17
2,2.9502371196587064e+48
3,7.621393355013293e+141
4,7.621393355013293e+141
