iteration,value
0,-5.857390789596865e-06
1,-5.8573907945907406e-06
2,-5.857390797565727e-06
3,-5.85739080266267e-06
4,-5.857390809344735e-06
