iteration,value
0,18.522136608117947
1,3.5060203954670603
2,0.1065668585818086
3,0.00610992043053513
4,0.00026644273763299156
5,9.945239538733338e-06
6,5.666084381041449e-08
7,2.418147785606187e-11
8,2.4661075092339743e-13
9,7.054780754338173e-15
10,3.6571007380687733e-16
11,2.836908397166512e-17
12,2.9611263976807664e-18
13,3.8900625396220387e-19
14,6.146455348242266e-20
