iteration,value
0,5.856356147796612
1,-5.254663095220102
2,-12.739550794151754
3,-24.25080766432921
4,-56.90640368882389
5,-114.59036444105888
6,-205.65852556627442
7,-337.35852882747133
8,-515.9524846357139
9,-747.9401429068593
10,-1040.796675424704
11,-1403.7011819170611
12,-1848.189191217327
13,-2388.497340663607
14,-3042.2189508361753
15,-3748.8556460758487
16,-4584.9169125977505
17,-5576.2700797478665
18,-6754.905001076081
19,-8015.027301627221
20,-9497.71584052449
21,-11249.38762384652
22,-13114.527479438906
23,-15305.432413568064
24,-17889.81759322997
25,-20638.978767174067
26,-23869.528125176606
27,-27683.403014040116
28,-31741.969252429928
29,-36329.248051662034
30,-41613.458476212625
31,-46299.56309697704
32,-51921.87177480504
33,-57576.86956711303
34,-62128.87413570699
35,-66188.87321732788
36,-69507.20658227011
37,-72028.45577402835
38,-73361.06795633616
39,-74078.35553006525
40,-73993.48396023903
41,-74046.02221469165
42,-74088.24640919913
43,-74219.18423432182
44,-74248.2441680815
45,-74264.27062455809
46,-74307.91497062694
47,-74664.09922932033
48,-75699.97808455928
49,-76642.89732478934
50,-76642.97199007953
51,-76797.83620123753
52,-76901.42951302549
53,-77123.872833939
54,-76928.06100698173
55,-77132.8370656373
56,-75731.19075342824
57,-75728.85788672636
58,-75788.64332687412
59,-75799.77517380276
60,-76914.52949635356
61,-77486.64080116068
62,-77486.68470761542
63,-77486.23044210479
64,-77494.54435110016
65,-78111.0854953886
66,-78447.74867501893
67,-78428.65379226617
68,-78423.0003112926
69,-78422.99603688892
70,-78422.72417156253
71,-78474.58116433227
72,-78474.49345100847
73,-79906.26824580775
74,-77017.05768131671
75,-77010.78275347533
76,-77187.8662041052
77,-77187.86695490572
78,-77187.78226546625
79,-77269.9877997831
80,-80380.97703882879
81,-80380.3891862816
82,-80380.3871783525
83,-80380.38568148222
84,-80379.13836401972
85,-83634.5962598403
86,-83634.59700313686
87,-83634.61050982632
88,-83645.48392015937
89,-82935.30404678553
90,-87808.20999238534
91,-87808.2307914369
92,-87808.27689063404
93,-87808.32808888535
94,-87808.38494738711
95,-87808.44808842089
96,-87997.07814005496
97,-88033.1129800642
98,-88033.12356360944
99,-88065.32578770534
100,-88065.33557253928
101,-88065.34644363368
102,-88065.35852302879
103,-88065.37195622898
104,-88106.2500982479
105,-96037.25786455389
106,-96037.35777527218
107,-96037.36651328122
108,-96037.69699892592
109,-112100.7771403285
