iteration,value
0,18.522136608117947
1,3.5060203954670603
2,0.1065668585818086
3,0.00610992043053513
4,0.00041145816813916125
5,2.9899476016014508e-05
6,3.4940292802362183e-06
7,5.612681476104155e-07
8,1.1363719801783987e-07
9,2.746725681781537e-08
10,8.269971923674984e-11
11,1.132451834273107e-12
12,3.3306955765897005e-14
13,1.6068381132596682e-15
14,1.107223246686329e-16
