iteration,value
0,4.677625041939959
1,-85.24135905049025
2,-268.67474558186143
3,-512.0454233847705
4,-774.7024914077892
5,-1056.451304144903
6,-1361.9596321048903
7,-1697.513239515422
8,-2070.4595160052468
9,-2489.3255304285994
10,-2964.075857880696
11,-3506.501155757625
12,-4130.7153999139
13,-4779.167087344849
14,-5524.541749852965
15,-6387.104603137249
16,-7288.200901117326
17,-8330.325382815432
18,-9542.997143000264
19,-10816.59791717915
20,-12297.319128759904
21,-14028.635001464538
22,-15855.315047147133
23,-17988.753980233836
24,-20493.462554698228
25,-23146.577630699096
26,-26256.704178541677
27,-29921.498981481178
28,-33817.3605785799
29,-38397.11481211351
30,-43809.78501198743
31,-49260.04432126269
32,-55720.23316836481
33,-63392.96199493457
34,-69126.49382230629
35,-74859.88765987249
36,-79975.5959944816
37,-84271.42000726527
38,-89277.09378369655
39,-93766.19615732155
40,-96764.95593811621
41,-97247.15896249095
42,-97371.6831036159
43,-97489.43688829272
44,-97624.73485255278
45,-97784.0931885672
46,-97922.72654868363
47,-98650.05618244139
48,-98560.11769091326
49,-98161.07577009482
50,-98162.96491311616
51,-98662.31881828434
52,-98735.43091136625
53,-99189.59093056497
54,-99542.521575087
55,-99359.70793338795
56,-99310.68090698653
57,-103877.07192701033
58,-107920.63738264971
59,-110542.87648557733
60,-110494.46756338766
61,-110485.9224867672
62,-110363.8905480329
63,-110202.36632292492
64,-110215.36844524517
65,-108420.42472747198
66,-108420.42211052282
67,-108187.19519655222
68,-107382.18032207295
69,-107520.77267557645
70,-107940.64302655734
71,-107966.35170456502
72,-107949.80835142462
73,-115128.5320027315
74,-114874.13810256797
75,-121470.8927173647
76,-121470.8928533182
77,-121470.89301373072
78,-121471.01494918471
79,-121471.14693802904
80,-121659.12771470458
81,-121659.13147091585
82,-121659.1306751473
83,-121659.10128411013
84,-121644.28670214693
85,-121540.7339234899
86,-121540.73392623223
87,-121552.89559364367
88,-127340.56705840894
89,-127340.56709996963
90,-127452.98668511007
91,-148122.99004212432
92,-148123.18341944634
93,-148123.45053287607
94,-153454.89702516748
95,-153454.884531913
96,-153454.87045995475
97,-178296.1003691211
98,-178296.1004093837
99,-178296.10045411994
100,-178298.45456021925
101,-201282.3733712131
102,-201288.2609984881
103,-193946.00210071693
104,-193945.9767663609
105,-193950.12549921402
106,-193953.01985874513
107,-236355.85056941654
108,-236355.85056941654
109,-286221.05330379267
