iteration,value
0,12.865817872585756
1,8.88528342097835
2,6.981895084015162
3,6.932755574191766
4,6.931479845982221
5,6.931471840138994
6,6.93147180669988
7,6.931471805679068
8,6.9314718056078375
9,6.931471805599815
10,6.931471805599458
11,6.931471805599453
12,6.931471805599453
13,6.931471805599453
14,6.931471805599453
