iteration,value
0,4.677625041939959
1,-104.51510201668428
2,-304.64521350121885
3,-535.2582127839507
4,-843.6479825689831
5,-1255.5416190223575
6,-1761.149750844563
7,-2437.0757551928073
8,-3259.929814716282
9,-4272.647142061326
10,-5683.052041978835
11,-7251.30276191053
12,-9121.364201388158
13,-11402.787005027712
14,-14338.581779572163
15,-17550.526912862882
16,-21175.15196261652
17,-25554.718941203435
18,-31016.617577312074
19,-37133.792003038376
20,-44080.635859460155
21,-51074.907493190236
22,-59608.21398974337
23,-69923.56869865203
24,-82180.89875003668
25,-95296.00000814478
26,-109466.47586968611
27,-126194.25652845517
28,-143983.7574596002
29,-165122.19450247416
30,-188066.08188283816
31,-214362.93944492296
32,-243739.44057830004
33,-277165.89804538357
34,-313662.05319763545
35,-352799.1098132771
36,-394352.9283485765
37,-442518.3909253072
38,-501610.4287324179
39,-570434.3712271841
40,-619558.9210238283
41,-633731.1808548884
42,-635896.3416726738
43,-638571.1185775272
44,-641540.1869097117
45,-645207.8808985422
46,-649285.6568661643
47,-654326.1623446873
48,-659951.0486663784
49,-666910.6993461782
50,-675526.1656767677
51,-685320.3513468484
52,-696353.5685500597
53,-700459.1340085953
54,-705011.3151563498
55,-710715.1376576155
56,-718883.7286869799
57,-727977.5339727763
58,-727808.2748851118
59,-726875.024903765
60,-735721.7667038303
61,-735792.9644992877
62,-736165.677568953
63,-736244.1452883905
64,-766201.7344400592
65,-766202.106074374
66,-766202.108854743
67,-766202.1277412266
68,-762914.5540341785
69,-762896.2307488528
70,-762896.2277620989
71,-762911.8566793635
72,-761820.8937605198
73,-759021.1215174651
74,-755423.3948321191
75,-755431.1886665267
76,-748692.3671368835
77,-748692.302803202
78,-748539.1802835559
79,-793029.8645483907
80,-793029.8627767366
81,-793029.86677686
82,-860382.8134424008
83,-866997.5053375233
84,-866997.5053375233
85,-933976.3667766392
86,-933976.3667766392
87,-933976.3745397421
88,-933976.3745397421
89,-933976.3745338604
