iteration,value
0,12.865817872585756
1,10.031075175619549
2,6.960185230879576
3,6.93180834422122
4,6.9314724504497995
5,6.931471811386216
6,6.931471805836128
7,6.931471805618515
8,6.931471805601139
9,6.931471805599511
10,6.931471805599454
11,6.931471805599453
12,6.931471805599453
13,6.931471805599453
14,6.931471805599453
