iteration,value
0,18.522136608117947
1,3.5060203954670603
2,0.03567739604402896
3,0.001734580205861391
4,9.866569702744523e-05
5,9.931411770700597e-06
6,5.660750247632087e-07
7,1.0159719541733773e-08
8,2.1169818592144936e-11
9,1.8918151125167908e-14
10,1.7165429219162412e-16
11,3.984958134795329e-18
12,1.6371941948548798e-19
13,1.0019055187564758e-20
14,8.271157391994497e-22
