iteration,value
0,18.522136608117947
1,2.0726701898064857
2,0.015785651531125967
3,0.0002791984008706048
4,7.0539647202404655e-06
5,4.507457375155783e-07
6,4.8392397301399514e-08
7,7.3176798534272536e-09
8,1.4157763487062777e-09
9,3.302715766680519e-10
10,5.260820457423171e-13
11,5.687247681352025e-15
12,1.4563414821624348e-16
13,6.39018650041554e-18
14,4.103965654909337e-19
