iteration,value
0,40893.16976872628
1,642593.3590727611
2,1036.625790597377
3,58.844202417223684
4,26.46791393047369
5,24.416957076952578
6,24.12866301739127
7,24.049199534402195
8,23.99975299015059
9,23.966110541206437
10,23.943036921362733
11,23.920772797786064
12,23.899724140624706
13,23.878706859192157
14,23.85763796363579
15,23.837436817764296
16,23.8199508909979
17,23.806974197801644
18,23.80398932211802
19,23.88690754656342
20,24.39186545869379
21,27.642607365616556
22,51.95198641921223
23,287.6545599726319
24,3350.8401197722205
25,45548.40111302557
26,420735.65560664947
27,83487.66067829217
28,47494.88785533111
29,21149.287412542646
30,14381.310648912899
31,22369.327540124934
32,44148.68429425878
33,94357.12841677511
34,138197.53627647558
35,252761.90843590914
36,543692.7745912157
37,1194790.9702874466
38,3319944.3787881164
39,51072490.40705384
40,12757752.056200093
41,2413902.5923082787
42,94825.0986022742
43,7666.7167792501905
44,529.256724867847
45,319.9178941857659
46,312.6654857122666
47,301.0194160592227
48,291.8249083074916
49,283.4166884387796
50,275.38248702106637
51,266.0169764359069
52,256.9450777485584
53,253.00256282337605
54,249.38525643284984
55,246.02087560598824
56,242.87045061250308
57,239.9035992457669
58,234.3296123756381
59,229.18494617628662
60,224.41054690838297
61,219.95863296373912
62,215.7900281868564
63,211.8722625363434
64,208.17814147421052
65,204.68468325518216
66,201.3723008448834
67,197.0112727131176
