iteration,value
0,56.428067666138695
1,2.8675937272914144e+26
2,7.973814022121304e+16
3,7.973813959918888e+16
4,7.973813884226072e+16
