iteration,value
0,18.522136608117947
1,138.22751534590577
2,0.6309815792026998
3,0.007496473427802902
4,0.00014198666714079693
5,7.951459499204068e-06
6,7.87766699532852e-07
7,1.1269549920582448e-07
8,2.0927533577993727e-08
9,4.729609792313986e-09
10,3.403572969371206e-12
11,2.917681262142732e-14
12,6.566850722062001e-16
13,2.6430962825939664e-17
14,1.59344408235172e-18
