iteration,value
0,5.856356147796612
1,-23.18073048839367
2,-69.62671469466969
3,-199.09639721231918
4,-627.7187678899302
5,-1363.0386262046977
6,-2445.240952300257
7,-4890.543566992152
8,-9807.963802401257
9,-18576.54405267956
10,-34008.29176808064
11,-46415.86120675426
12,-57305.735346846675
13,-70380.6265571323
14,-84675.31156982676
15,-98555.45178357956
16,-110403.90982522871
17,-124213.2214242667
18,-139236.84000582522
19,-157464.70532689418
20,-180929.17974212964
21,-209992.93398140173
22,-237123.52297269535
23,-266306.1124569702
24,-297656.86825498333
25,-333752.8408289084
26,-382038.10424181644
27,-435961.0500004159
28,-502728.6072690772
29,-565894.0248280319
30,-644569.5995525364
31,-720203.8844499764
32,-805443.4763777539
33,-914392.5109392928
34,-1007854.0240547934
35,-1113466.5868343152
36,-1246228.4765996414
37,-1409245.3454603176
38,-1619611.5650775267
39,-1875488.0633778805
40,-2020138.5368701387
41,4.0849175988929937e+291
42,4.0849175988929937e+291
43,4.0849175988929937e+291
44,4.0849175988929937e+291
45,5.330504060932221e+261
46,5.330504060932221e+261
47,5.330504060932221e+261
48,5.330504060932221e+261
49,5.330504060932221e+261
