iteration,value
0,15.358051983709917
1,361952.8860671718
2,45629.58159796135
3,10805.985457410045
4,4505.1244231996025
5,2912.994678107319
6,2515.3545234014073
7,2270.1607463062946
8,2052.2023046856275
9,1855.754053436905
10,1672.1139560039733
11,1512.9460714701236
12,1368.9906249239948
13,1237.4669670341818
14,1117.6332492735662
15,1008.1021809262304
16,910.8443701664429
17,813.3764506780026
18,730.9812550697126
19,657.4357769694815
20,591.6055681335763
21,532.2870638655985
22,480.2381861041293
23,439.0068798517931
24,403.1400345643767
25,371.976213234577
26,342.3272357299884
27,322.81994543147744
28,318.9732689840931
29,326.50159086119163
30,386.16888848857076
31,644.7909455570064
32,1954.1293426164707
33,7942.930325809883
34,20638.273034193517
35,63354.42399280631
36,1248.5981101365335
37,173.64124355500462
38,160.01866005182688
39,157.0292553153581
40,154.38754231568097
41,152.0242742122964
42,149.8598376190089
43,147.68502332692108
44,145.6458702969906
45,143.47004080014054
46,141.58453595749728
47,139.76338532796404
48,138.24145740137908
49,136.62779057653196
