iteration,value
0,12.865817872585756
1,31.61460132335681
2,14.032175317357206
3,8.342063304644142
4,7.803894628583598
5,7.108885937236211
6,6.953854957412878
7,6.932608765108112
8,6.93149072783197
9,6.931471816407653
10,6.931471805817027
11,6.9314718056113165
12,6.93147180560059
13,6.9314718055996085
14,6.931471805599481
15,6.931471805599459
16,6.931471805599453
17,6.931471805599453
18,6.931471805599453
19,6.931471805599453
