iteration,value
0,98.54412445997077
1,98.54412392025571
2,98.54412358213237
3,98.54412305181737
4,98.54412262940569
