iteration,value
0,142727930.60417557
1,45916952807.70034
2,1.7618335512435346e+18
3,3.4022019361211935e+41
4,3.457091504962642e+110
