iteration,value
0,1.1525090601459904
1,1.152509060126567
2,1.1525090601076382
3,1.1525090600910186
4,1.152509060071632
