iteration,value
0,8.833932422515595e+22
1,8.333163139630021e+44
2,8.333163139630021e+44
3,8.333163139630021e+44
4,8.333163139630021e+44
