iteration,value
0,-4.538347371910804
1,-4.538347586147978
2,-4.538347808216722
3,-4.538348005919788
4,-4.538348194779264
