iteration,value
0,54.67756308226866
1,54.67756278125732
2,54.677562579141785
3,54.67756236539718
4,54.677562191297355
