iteration,value
0,0.006509613877411227
1,0.006509613877405819
2,0.006509613877400969
3,0.006509613877393916
4,0.006509613877389233
