iteration,value
0,56.85569988455106
1,56.85569956892411
2,56.855699253485916
3,56.85569879112296
4,56.85569843050453
