iteration,value
0,66.64068834965468
1,66.64068815599002
2,66.64068799198083
3,66.6406877974792
4,66.64068761468131
