iteration,value
0,34.140648175044205
1,34.140647980955364
2,34.1406477957419
3,34.140647596044865
4,34.14064738729539
