iteration,value
0,5.357233641490659
1,5.357233641125944
2,5.35723364083486
3,5.3572336403676815
4,5.357233639931657
