iteration,value
0,41896.368188309476
1,41896.36818819127
2,41896.36818810646
3,41896.36818796028
4,41896.36818787409
