iteration,value
0,35.16403435762233
1,35.16403399065001
2,35.1640337218391
3,35.16403338513952
4,35.16403309539452
