iteration,value
0,106.22703069010838
1,106.22703063414704
2,106.22703060110561
3,106.22703054918291
4,106.2270305076392
