iteration,value
0,544869345938607.2
1,1.5268375256710812e+33
2,1.7442903297637432e+88
3,1.7442903297637432e+88
4,1.7442903297637432e+88
