iteration,value
0,106.22703069010838
1,161.6463102081644
2,87.28580761028483
3,69.41206512193403
4,69.32243753384599
5,69.31540986282077
6,69.31474163056724
7,69.31471824860142
8,69.31471805601755
9,69.3147180559946
10,69.31471805599453
11,69.31471805599453
12,69.31471805599453
13,69.31471805599453
14,69.31471805599453
