iteration,value
0,544869345938607.2
1,3.961229585445488e+16
2,6192343464555166.0
3,3409515364745182.0
4,2162013381765304.5
5,1457572592865156.8
6,1014199605781598.2
7,717522517472069.8
8,511394038706797.2
9,364683100251111.4
10,258624206049377.16
11,181221457053362.25
12,124490534197536.45
13,88532436155197.33
14,60476084902253.62
15,39132132045278.05
16,26056798476646.5
17,15909135339376.959
18,8623959877775.258
19,4791895905462.625
20,2210234163293.906
21,783702954068.291
22,282820774191.01483
23,67712387161.19694
24,8958375998.887486
25,1239431675.286963
26,174468082.9942207
27,24670291.355081946
28,3482659.8730375916
29,489528.5491135946
30,68557.38196995166
31,9666.043398439477
32,1461.6214847337121
33,317.820219250828
34,156.14146423630902
35,132.2215954135921
36,128.2700716900058
37,127.47420609248607
38,127.27068932984002
39,127.20811322396881
40,127.18688261901515
41,127.17937407626867
42,127.17667805459989
43,127.17570549042188
44,127.17535436044083
45,127.17522765514113
46,127.1751819754803
47,127.17516552344523
48,127.17515960371801
49,127.17515747557293
50,127.17515671111306
51,127.17515643670242
52,127.17515633825896
53,127.17515631014425
54,127.17515629609981
55,127.1751562892476
56,127.17515628597607
57,127.17515628444306
58,127.17515628373427
59,127.17515628340756
