iteration,value
0,142727930.60417557
1,4615199814158.421
2,168283.2167103464
3,80529.46481291197
4,19934.41602842147
5,2286.513485886419
6,160.14270561351762
7,99.68058884049098
8,97.52450905688714
9,97.36880549937534
10,97.35132431414745
11,97.34927826237393
12,97.34905212151669
13,97.34902877684614
14,97.34902651325507
15,97.34902630148575
16,97.34902627907265
17,97.34902627384518
18,97.34902627031764
19,97.3490262670135
