iteration,value
0,77256.34237124842
1,51406904.731204644
2,4.610346215567571e+22
3,8.534382623391009e+97
4,8.534382623391009e+97
