iteration,value
0,162754.7119526021
1,61190248.67227521
2,1.0185184521473094e+23
3,4.465170622389149e+99
4,4.465170622389149e+99
