iteration,value
0,162579.7218573127
1,61184254.367895514
2,1.0180536411518918e+23
3,4.45499103801627e+99
4,4.45499103801627e+99
