iteration,value
0,142727930.60417557
1,4.376740334921859e+30
2,1.2003487470257929e+98
3,1.2003487470257929e+98
4,1.2003487470257929e+98
