iteration,value
0,38532.703555654334
1,1261940.4822370983
2,216233901876.9752
3,1.0532968609760383e+27
4,2.197636390531412e+74
