iteration,value
0,544869345938607.2
1,6.234218003895251e+52
2,9.027522166875162e+166
3,9.027522166875162e+166
4,9.027522166875162e+166
