iteration,value
0,8.833932422515595e+22
1,5.107422646528102e+44
2,5.107422646528102e+44
3,5.107422646528102e+44
4,5.107422646528102e+44
