iteration,value
0,12.865817872585756
1,10.031075175619549
2,6.9572633542436195
3,6.931781961181242
4,6.931472550643216
5,6.931471811702737
6,6.931471805836208
7,6.931471805618101
8,6.931471805601726
9,6.931471805599826
10,6.9314718055995295
11,6.931471805599472
12,6.9314718055994575
13,6.931471805599455
14,6.931471805599454
