iteration,value
0,12.865817872585756
1,11.771032756793842
2,7.026459591617423
3,6.94570383980004
4,6.933345316125315
5,6.931723160110347
6,6.9315074253368065
7,6.931474371147039
8,6.931471890641022
9,6.931471806555795
10,6.931471805600791
11,6.931471805599454
12,6.931471805599453
13,6.931471805599453
14,6.931471805599453
