iteration,value
0,12.865817872585756
1,10.031075175619549
2,6.956721993262463
3,6.931772677827276
4,6.931472761298435
5,6.931471812693992
6,6.931471805869275
7,6.931471805620462
8,6.931471805601995
9,6.931471805599869
10,6.931471805599539
11,6.931471805599473
12,6.931471805599458
13,6.931471805599454
14,6.931471805599454
