iteration,value
0,106.22703069010838
1,161.6463102081644
2,101.45947982846172
3,79.04847987992359
4,69.33577820646683
5,69.31504808999726
6,69.31471877529354
7,69.3147180566743
8,69.31471805600054
9,69.31471805599466
10,69.31471805599455
11,69.31471805599453
12,69.31471805599453
13,69.31471805599453
14,69.31471805599453
