iteration,value
0,142727930.60417557
1,4615199814158.421
2,168068.73322593098
3,109789.76155196127
4,27139.162736283277
5,3078.840094833731
6,181.93070262251592
7,100.33206504999337
8,97.55966998962488
9,97.37201996066047
10,97.35136200311835
11,97.34894747903347
12,97.34868023391464
13,97.34865260324028
14,97.34864992179304
15,97.34864967164154
16,97.34864964583574
17,97.34864964030115
18,97.34864963674036
19,97.34864963343105
