iteration,value
0,106.22703069010838
1,161.6463102081644
2,74.36565596709642
3,69.39313286492536
4,69.31611547336875
5,69.3147540923003
6,69.31472035119302
7,69.31471830041457
8,69.31471809255798
9,69.31471806299021
10,69.31471805760907
11,69.31471805642666
12,69.31471805612497
13,69.31471805603805
14,69.31471805601032
15,69.31471805600067
16,69.31471805599708
17,69.31471805599564
18,69.31471805599504
19,69.31471805599477
20,69.31471805599466
21,69.3147180559946
22,69.31471805599458
23,69.31471805599455
24,69.31471805599455
