iteration,value
0,142727930.60417557
1,11578262435003.361
2,3520090114601656.0
3,1.265865545159215e+16
4,21724951954.074844
5,21417466423.000843
6,21037458957.054317
7,20578119884.05656
8,20021207364.164177
9,19350974676.523422
10,18543999475.38983
11,17564173492.362015
12,16572103277.450304
13,15391662919.149
14,14209911168.826374
15,12913554939.49886
16,11127568374.260658
17,9133849403.519653
18,7425047066.212277
19,5892129795.596953
20,4781588176.48046
21,3470744229.4480004
22,2388799606.8791976
23,1448807923.1395068
24,804917283.6197999
25,329190143.4073217
26,147279401.87249
27,62341947.70833174
28,19493061.15530718
29,4387932.671596609
30,700103.7456329877
31,3192.3044409814997
32,167.0503385618924
33,100.0351033656977
34,98.85017411177672
35,98.67648896729611
36,98.66423647229993
37,98.66099936613196
38,98.65964562733247
39,98.65930150807806
40,98.65905544757376
41,98.65895876331346
42,98.65890320324264
43,98.65884879737273
44,98.65880297419284
45,98.65879119229076
46,98.65877212795604
47,98.6587611433936
48,98.65875643289895
49,98.65875414937891
50,98.65874751449245
51,98.658739904578
52,98.65873580759184
53,98.65873496443902
54,98.65873421962242
55,98.6587346845052
56,98.65873521227698
57,98.65873279105966
58,98.65873270544209
59,98.65873318708229
60,98.65873322164147
61,98.65873165081777
62,98.65873098321029
63,98.65873124384002
64,98.65873039929862
65,98.65873008510444
66,98.65873057537627
67,98.65873071275783
68,98.65873020636347
69,98.65872985522603
70,98.65872948172826
71,98.65872916600378
72,98.65872926774968
73,98.65872928892831
74,98.65872986738047
75,98.65872917402801
76,98.65872938434904
77,98.65872885681726
78,98.65872841773499
79,98.6587281259817
80,98.6587281920664
81,98.65872818750834
82,98.65872813797506
83,98.65872803390698
84,98.65872794381926
