iteration,value
0,106.22703069010838
1,157.60614336988988
2,80.49178768863274
3,71.8943205765944
4,69.62624872805506
5,69.33065663471638
6,69.31499593850364
7,69.31471831548966
8,69.31471806187521
9,69.31471805634585
10,69.31471805603036
11,69.31471805599654
12,69.31471805599458
13,69.31471805599453
14,69.31471805599453
