iteration,value
0,70.21184262163655
1,-1140.6741415666847
2,-4165.338688198907
3,-11247.422278041358
4,-22672.24866515292
5,-39599.33690445024
6,-58832.1723818508
7,-82457.30094552379
8,-109747.5213333505
9,-143043.639525551
10,-180728.76068643405
11,-225364.499801595
12,-274792.315033696
13,-333081.35527354584
14,-395938.87464059744
15,-473111.17459115665
16,-559912.271618856
17,-649936.9639603229
18,-757185.1073205674
19,-882363.3532101129
20,-1029663.9393146351
21,-1179892.3844512857
22,-1348592.7917803654
23,-1526797.8266050136
24,-1737156.951885124
25,-1970424.4996875627
26,-2244060.0666861525
27,-2529615.837747009
28,-2840711.556117275
29,-3207594.2275308124
30,-3645835.4249568954
31,-4148509.880287885
32,-4547725.05224048
33,-4917668.543934169
34,-5048047.934732083
35,-5171758.556656138
36,-5254271.655688812
37,-5317028.539836037
38,-5381138.869230472
39,-5401912.163724231
40,-5406932.682966279
41,-5415425.194354981
42,-5430470.784431097
43,-5434192.364595044
44,49073591506.53176
45,16359444286.82937
46,14738911006.320303
47,11615521373.285412
48,5818566649.140199
49,5386066969.205476
50,5034312563.963288
51,4514655966.347653
52,4278487210.161021
53,4244833105.4222684
54,3334283660.79662
55,3266517909.263218
56,3111753994.2647147
57,3061700883.7213745
58,3038583580.2183747
59,2994305701.4811893
60,2948628123.2559705
61,2917357942.2759857
62,2353355102.0916924
63,2339164076.80544
64,2301233234.7604904
65,2274920084.1445293
66,2204251578.9334784
67,2177062019.8672543
68,2056501430.650254
69,2029772777.751342
70,1912241112.6192086
71,1896886300.8228343
72,1861345814.825305
73,1813538157.608544
74,1456543180.6173663
75,1424970154.0773537
76,1417914679.759429
77,1407319738.836235
78,1401065441.6826031
79,1388256835.0732968
80,1374576509.467939
81,1362313253.0318007
82,1314288771.2939923
83,1285110957.721281
84,1269247397.6553304
85,1252576749.9822817
86,1234587992.378518
87,1218041993.8499877
88,1208112935.752333
89,1198151222.1539567
90,1170654215.640382
91,1158493480.4010866
92,1136943512.6154666
