iteration,value
0,18589.697268268785
1,32948535941282.676
2,147604.34810738516
3,147604.336091673
4,147604.32125743493
5,147604.30294356594
6,147604.2803337128
7,147604.25242020428
8,147604.2179590498
9,147604.1754141022
10,147604.12288922715
11,147604.06452848858
12,147603.99247784456
13,147603.903525394
14,147603.80468931893
15,147603.68266900093
16,147603.53202476987
17,147603.36463764167
18,147603.15798761937
19,147602.92837312628
20,147602.64489602795
21,147602.3299270958
22,147601.94106026285
23,147601.46097296375
24,147600.86825242106
25,147600.2096933294
26,147599.39662202323
27,147598.4931958774
28,147597.48928863066
29,147596.24984390585
30,147594.71906500313
31,147593.0188139637
32,147590.9184155613
33,147588.58641985036
34,147585.99416201838
35,147582.79159403362
36,147578.83430216025
37,147574.43977442876
38,147569.55861034177
39,147564.1282398888
40,147557.42692056182
41,147549.96682236466
42,147541.70076497446
43,147530.94523881326
44,147519.4696897847
45,147506.69238859694
46,147492.78996824473
47,147477.21689016858
48,147458.30026443585
49,147436.88612638798
