iteration,value
0,66.64068834965468
1,299.6169218375825
2,-1322.018652705588
3,-2721.385107179515
4,-5327.146048067049
5,-9838.28034336563
6,-17128.92720595621
7,-28592.26904682692
8,-44352.1101115183
9,-65974.45908239092
10,-94290.02956758573
11,-130091.38060891519
12,-172798.57822550033
13,-227384.731905212
14,-294823.8892283128
15,-379818.6712032838
16,-472296.38085538195
17,-579671.7337079145
18,-707407.129605168
19,-848354.8200430116
20,-1012941.2472926045
21,-1213138.3635413838
22,-1420885.9823937688
23,-1665638.7817381485
24,-1962956.7163996978
25,-2282924.4862556667
26,-2634626.856985467
27,-3018131.931413509
28,-3422050.5676382487
29,-3905035.7719589374
30,-4480149.019906768
31,-5106203.579684189
32,-5641453.312759534
33,-6244642.821681803
34,-6871072.456217171
35,-7621386.214730174
36,-8325973.673597746
37,-9026459.899328133
38,-9359965.578987844
39,-9613540.122866174
40,-9623716.290931182
41,-9632514.097175084
42,-9638890.602537163
43,-9679283.952325061
44,-9679414.578201972
45,-9675804.524458483
46,2.0011738568837332e+62
47,4.046040162984599e+56
48,4.045865174287011e+56
49,4.033975842404436e+56
50,4.019743284341522e+56
51,3.6880951932022543e+56
52,3.4925156697254157e+56
53,1.6104109234457456e+50
54,1.6104080475476837e+50
55,1.6104075584994074e+50
56,1.233579559114813e+50
57,1.2335771074175873e+50
58,1.2061330246117895e+50
59,1.2032644145677667e+50
60,1.2032627123491625e+50
61,8.968667279083732e+49
62,8.774405569984724e+49
63,8.758866626886003e+49
64,8.757826489329162e+49
65,8.718155354643496e+49
66,7.899242529858571e+49
67,5.158011187771158e+108
68,2.7168631978583305e+98
69,2.7168631978487552e+98
