iteration,value
0,98.54412445997077
1,248.36940465551092
2,20.114912611025694
3,0.06131536813594398
4,4.371856860995375e-06
5,8.094644220022995e-08
6,4.453769313976564e-09
7,4.360470598218303e-10
8,2.6522880160357545e-11
9,5.252761191652836e-13
10,1.3884434968558703e-15
11,8.631098481817556e-19
12,7.138208606376676e-21
13,1.575825746560596e-22
14,6.2619749766278416e-24
