iteration,value
0,791.1131100809474
1,170435.5724663157
2,58625586470.021515
3,176179756740887.44
4,108128280153161.77
5,102629415103756.03
6,94315721576473.42
7,85458799146286.02
8,76541883776520.2
9,69002087916333.05
10,62095759471697.54
11,55932631788865.35
12,49582302270738.234
13,43853855546681.05
14,38730003192929.85
15,34070107473175.555
16,30054657304832.113
17,26030384045756.22
18,22394436448720.6
19,19218537719642.54
20,16596034249191.664
21,13960283052649.268
22,11730487364803.963
23,9670869952367.332
24,7797317301441.634
25,6262709291759.941
26,4836417160820.209
27,3642085155003.1245
28,2701538323502.761
29,1902665958500.4534
30,1238903450507.4153
31,781923874171.784
32,448165446975.9486
33,221729906204.77353
34,100394688168.96095
35,36057204555.84135
36,9501251743.7836
37,2048049953.010053
38,265099984.3724405
39,51826186.674319625
40,35996586.3586346
41,35378561.495716676
42,35310503.526532985
43,35240387.37261079
44,35162487.38553565
45,35076556.104160555
46,34981681.14053353
47,34865676.33247956
48,34721820.56137312
49,34564513.033910446
