iteration,value
0,-50.99889112961807
1,52494249850646.76
2,986621789281.263
3,725529384209.4668
4,470579507953.0169
5,361456514408.53613
6,294780608299.5849
7,248088328465.9618
8,212879822336.1151
9,185302121925.0098
10,162890620822.48407
11,144247419960.85382
12,126745814317.82166
13,112125512613.14374
14,98420005404.42424
15,86970084467.9074
16,77251133680.7345
17,68912856168.74263
18,61692777527.335976
19,54723484275.51427
20,48087763209.515816
21,42522684987.73015
22,37769425338.125916
23,33686753717.13099
24,30146017606.530426
25,26722670748.239925
26,23804965933.369392
27,21270758453.53009
28,19070358512.70338
29,16923634193.380674
30,15078591092.072657
31,13477841043.408346
32,12075502936.392355
33,10853497357.188395
34,9650219479.914057
35,8607992590.37064
36,7698049838.426615
37,6905323088.463163
38,6205579364.283327
39,5585556153.569901
40,4970943243.939579
41,4439126406.791241
42,3974519711.9553847
43,3566461499.8176737
44,3205726798.8314223
45,2886540040.299828
46,2572055072.280913
47,2297468753.13168
48,2028891365.055933
49,1800220399.7155797
