iteration,value
0,98.54412445997077
1,251.5802253330233
2,57.43222273665624
3,4.405554816948243
4,0.10606440842914587
5,0.0006108192422801645
6,3.2482706762590593e-06
7,1.1166580732237174e-07
8,8.356172071816227e-09
9,9.915941256569342e-10
10,1.6087327720831518e-10
11,3.280430429636088e-11
12,7.972492261229006e-12
13,2.2275005628451773e-12
14,6.973201285080706e-13
15,2.399710075643156e-13
16,8.946970538663213e-14
17,3.573047723522025e-14
18,1.5146103565652023e-14
19,6.7648745096650116e-15
