iteration,value
0,98.54412445997077
1,251.5802253330233
2,57.43222273665624
3,4.405554816948243
4,0.10606440842914587
5,0.0006108192422801645
6,3.2482706762590593e-06
7,1.1166580732237174e-07
8,8.356172071816227e-09
9,9.915941256569342e-10
10,3.7484046436566164e-11
11,3.5169483324881904e-13
12,6.927543527374983e-17
13,2.263621833171124e-19
14,3.2064951661543497e-21
