iteration,value
0,49.59051450432896
1,329743.06294220535
2,652968.5311327717
3,203015.18755030452
4,112648.28714150308
5,137025.11108964903
6,140814.2781375013
7,31185.529676820817
8,20422.528157248234
9,27256.757759150052
10,49414.878836850585
11,105186.04892324391
12,66383.2289800137
13,89370.63793293513
14,56670.97870233191
15,46418.27981053809
16,34686.26509875027
17,56861.973859473685
18,83727.63014284307
19,219551.7630574303
20,852457.1869480181
21,4073344.1079422515
22,12769574.48765299
23,30299742.940785762
24,2008258.047101627
25,120973.4173869632
26,1361.2857096696655
27,127.83660307130872
28,125.34449653450375
29,122.83582183416375
30,120.11444233734179
31,117.17613394645612
32,114.00446772524738
33,110.58788581243167
34,106.9247621102237
35,103.0107800384822
36,98.85149237731332
37,94.44168428158478
38,89.82821765997241
39,84.98156312868524
40,79.92647951411564
41,74.74093135341887
42,69.53743927716961
43,66.3251436346567
44,106.1345856248856
45,1231.1481081376987
46,35625.53727436514
47,1263629.0530102502
48,21731240.301986452
49,188824116.5144018
