iteration,value
0,18589.697268268785
1,1.0811773300509646e+26
2,379879188.8079297
3,379879188.8079297
4,379879188.8079297
