iteration,value
0,5353.7775075257105
1,39082832.086225934
2,20034451.70220116
3,133.11813783509552
4,132.43958304931027
5,131.74781702482179
6,131.0210478054298
7,130.24642575249692
8,129.44062396480075
9,128.59254866292864
10,127.7003959100856
11,126.7424118740296
12,125.82825547698286
13,124.85866791500408
14,123.90677302844372
15,122.9436308107966
16,121.92314342029029
17,120.9539173091678
18,119.92726869110267
19,118.98935694718219
20,117.99984292275497
21,117.13928113886026
22,116.23871065570336
23,115.36610929781239
24,114.51863977210537
25,113.62120057302418
26,112.70227633011841
27,111.73876043803043
28,110.81856663866364
29,109.77307395950616
30,108.78833850209958
31,107.64865380349167
32,106.30076500724448
33,104.9608844449208
34,103.33743797911747
35,101.81485092530419
36,100.29893789557255
37,98.58853807307156
38,96.40188392786608
39,94.3030852313465
40,92.06178962312016
41,89.9214898388921
42,87.58933610970564
43,85.50170364182914
44,84.62730968494952
45,81.53651093973875
46,78.47534688760793
47,76.44102269743419
48,75.70448942998195
49,71.37702280170842
50,69.05355137620283
51,255.09805580340011
52,270.89602672096413
53,274.67199274645793
54,273.41366396621265
55,271.66912366778945
56,268.77012908992293
57,266.28609901692494
58,264.08327949549846
59,262.055616581162
60,260.0311799089961
61,258.2047466760365
62,256.5980803199843
63,255.1230445090472
64,253.7919209172144
65,252.49537770130348
66,251.3032709883727
67,250.10944654139126
68,249.15930560037074
69,248.22423258387508
70,247.1345952165562
71,246.11057467315214
72,245.04587542764492
73,244.13248882767917
74,243.3435822343111
75,242.59882225380576
76,241.67669743466556
77,240.91184424181696
78,240.13868868551734
79,239.5430501848815
80,238.84211472417826
81,237.89485670325556
82,237.4329915359961
83,236.85119747343373
84,236.3315751590277
85,235.84584112596104
86,235.1606191220767
87,234.4423461615758
88,233.87643516070568
89,233.32652310903867
90,232.8158565795417
91,232.41590230619633
92,231.95616714209194
93,231.5007541728313
94,231.00269150090043
95,230.64749607314025
96,230.1957748445178
97,229.80547606905748
98,229.4269183459431
99,229.0305431477958
