iteration,value
0,191.82358293448928
1,1320933.9504744327
2,644847.1150744731
3,257441.78801954893
4,13032.578907649144
5,8594.079001826474
6,6100.6578704147105
7,4513.10643702213
8,3437.649779170232
9,2681.963275454239
10,2139.6317808496087
11,1745.1194355701
12,1451.9114170356277
13,1227.917254739499
14,1054.7072521246148
15,920.7507739583033
16,814.9329843348901
17,728.9681451081807
18,657.9327508171962
19,598.8312891088609
20,548.7975743729727
21,505.62151642768487
22,468.81960663642786
23,437.610301070783
24,410.674795223952
25,390.3356891333085
26,373.7242148669916
27,358.98497639614567
28,345.9869292687694
29,335.8600001557639
30,334.4371406604935
31,350.2917938029918
32,418.0585686725047
33,668.9356807587632
34,1673.719598259123
35,6386.28251508498
36,20387.190167329074
37,3435.7213387848174
38,8932.989524074665
39,27809.7578196316
40,8915.224433144565
41,455.9424455236621
42,290.29188766097576
43,249.43825710989083
44,246.33980259847874
45,275.91986644213034
46,381.47229890358153
47,615.0430646095746
48,1018.0921164317242
49,1460.7424552430355
