iteration,value
0,228.59955488782822
1,2.1599208939265187e+23
2,2094.7577376771055
3,2094.7577376771055
4,2094.7577376771055
