iteration,value
0,56.85569988455106
1,1948.7581848547402
2,23477.567857584305
3,19156.136535062582
4,22133.596608808093
5,25176.238783367007
6,25481.283515250627
7,20933.63638487932
8,14814.673035667805
9,20418.51240810453
10,16079.356868038716
11,18268.18818158133
12,14371.995078688522
13,6477.351456303831
14,9077.07779031143
15,12260.395413234794
16,18183.703294980824
17,7852.217511087544
18,13345.703846758282
19,27023.757224018176
20,17945.253841371286
21,28780.32141180459
22,68204.44365514535
23,37425.65203398906
24,22026.001814546624
25,160875.29950210822
26,88105.97286116445
27,78294.05949930206
28,120098.79804786705
29,66517.7523693916
30,27621.464019711802
31,21923.859842519658
32,89110.52994491356
33,28090.34378647711
34,79711.11731549633
35,39721.386339815515
36,30513.85517491735
37,28602.217007463507
38,49070.69262259464
39,132485.57595667118
40,68251.72810992307
41,104836.10659134979
42,102025.9329654217
43,159325.41567048995
44,81324.41161281084
45,95284.83483103952
46,136553.8328973922
47,153795.9364057603
48,60842.034097545155
49,116304.20734334686
