iteration,value
0,70.21184262163655
1,-262.74316666869123
2,-858.5887721282558
3,-2515.878171646102
4,-12507.432978805491
5,-33589.35481013699
6,-93001.43200389529
7,-202227.72641957132
8,-380789.7409790577
9,-667176.2763704733
10,-869416.4133743213
11,-1122654.3954462134
12,-1471516.026824417
13,-1969195.8912916968
14,-2539312.254724162
15,-3183929.883653393
16,-4037609.5787595087
17,-5266341.285170927
18,-6443351.442841604
19,-7773478.711763864
20,-8874647.020786945
21,-9907819.131293437
22,-11029986.527651615
23,-12557147.434071016
24,-14581829.148076145
25,-16436334.260647958
26,-18741211.781582173
27,-21159284.928371698
28,-23836340.281805776
29,-26907337.378150534
30,-30578109.79639342
31,-34928959.950837255
32,-40306040.76680834
33,-43610751.99025562
34,109858245168.59325
