iteration,value
0,171.17447512875265
1,33.39570792143302
2,27.36084061343718
3,24.074715247761645
4,20.69456257171923
5,19.21729101778707
6,18.498734941715465
7,18.23379957883898
8,17.532843114554932
9,17.294798289401303
10,17.08431886850732
11,16.903237324231345
12,16.74636097950465
13,16.59841894313862
14,16.590414398525144
15,17.17023368068526
16,16.635964493930764
17,18.792445303968403
18,16.12237150507863
19,16.224308851579295
20,18.303171022017523
21,27.729895706161635
22,23.342323442408908
23,18.335216337497023
24,22.734788212865976
25,38.36858287906856
26,35.1095667536777
27,31.669105038260845
28,23.42365738962363
29,16.890920527915412
30,24.161118905689733
31,19.43380345423005
32,16.545056325024188
33,24.27311761409159
34,18.802814485765655
35,43.08637647595435
36,155.14475483642485
37,147.84331744182222
38,142.42182727536394
39,132.18981466242417
40,125.00306077546506
41,118.72259410841237
42,112.00752647715886
43,108.2115078362103
44,100.04793541673519
45,90.98504288494382
46,78.31101773940232
47,107.80283290274366
48,101.20909409478082
49,92.8566014348102
50,66.64592674701808
51,49.231042920474
52,52.302073889939855
53,52.75766700526574
54,54.2494137218395
55,55.832602406746005
56,57.4290399853833
57,59.784832307291744
58,62.14124449918533
59,65.34849307385552
60,67.95876086451003
61,71.55382549467753
62,71.7408656759147
63,71.88983360890401
64,71.88972188383582
65,71.89295611058527
66,71.88864921244225
67,71.89684799611695
