iteration,value
0,106.22703069010838
1,161.6463102081644
2,74.36565596709642
3,69.39313286492536
4,69.31611547336875
5,69.3147540923003
6,69.31472035119302
7,69.31471830041457
8,69.31471806855089
9,69.31471805619162
10,69.31471805599483
11,69.31471805599453
12,69.31471805599453
13,69.31471805599453
14,69.31471805599453
