iteration,value
0,106.22703069010838
1,161.6463102081644
2,87.29449304800022
3,69.41776851793131
4,69.32293918926001
5,69.31544984613983
6,69.3147427308802
7,69.3147182519683
8,69.31471805601569
9,69.3147180559946
10,69.31471805599453
11,69.31471805599453
12,69.31471805599453
13,69.31471805599453
14,69.31471805599453
