iteration,value
0,106.22703069010838
1,78.21411972918867
2,70.92007427704814
3,69.32938090087693
4,69.31472814678077
5,69.3147181812824
6,69.31471806176386
7,69.31471805650018
8,69.31471805603296
9,69.31471805599558
10,69.31471805599455
11,69.31471805599453
12,69.31471805599453
13,69.31471805599453
14,69.31471805599453
