iteration,value
0,142727930.60417557
1,4615199814158.421
2,168068.73322593098
3,80427.04769905121
4,19909.200134801882
5,2283.741536189336
6,160.06601562914392
7,99.67788958340826
8,97.52400099252456
9,97.36841522162531
10,97.3509459589238
11,97.34890129691462
12,97.34867531269889
13,97.34865198496071
14,97.34864972321745
15,97.34864951167927
16,97.34864948930455
17,97.34864948408553
18,97.3486494805601
19,97.34864947725654
