iteration,value
0,56.85569988455106
1,151.83813280454822
2,182.03126417155778
3,227.9978012548849
4,416.74602609346255
5,112.28828321753826
6,131.1572612131542
7,522.7423623064071
8,82.83719968196307
9,79.31383481938367
10,79.88749596228057
11,88.29672889889272
12,206.0302790465809
13,130.65894238448607
14,128.38042322742027
15,477.2513827159118
16,67.57578967030386
17,74.81801823036335
18,160.79161738770026
19,97.6430417689483
20,437.59773508624244
21,591.8612900441711
22,708.2329459979206
23,1012.1466332476957
24,191.47505892137704
25,1052.7312361368715
26,418.0673558106959
27,1434.7756536282031
28,1236.4220458724164
29,684.1421773147598
30,1189.2711723114253
31,695.1594710527305
32,240.70304474484823
33,311.4131515384288
34,433.6809987966115
35,166.63515429722688
36,212.71203682000882
37,125.4488169490846
38,145.0607198177666
39,154.80800189925836
40,97.01784338684186
41,139.48736085533545
42,118.04119369238676
43,97.2896384434279
44,105.20017663879088
45,90.48414107796862
46,114.95325029178105
47,107.21461673405322
48,83.56854339583802
49,80.69337154057331
