iteration,value
0,98.54412445997077
1,255.5923553847469
2,0.626683872258338
3,0.0009485186655961204
4,3.5745195522018315e-06
5,9.674112188978076e-10
6,6.7571808217766134e-12
7,1.3648473283668693e-13
8,5.1174878316678175e-15
9,2.930859391847532e-16
