iteration,value
0,1.975431848605919e+30
1,1.3380085322499413e+28
2,1.1909411435838938e+28
3,1.0662316148432564e+28
4,7.495389831708445e+27
5,4.8067258408389323e+27
6,4.8057389030584536e+27
7,4.8052266134304543e+27
8,4.8051188481375566e+27
9,4.778847396502675e+27
10,2.065988165884843e+27
11,2.0508055341202444e+27
12,2.0356181067219181e+27
13,2.0204876265251867e+27
14,1.784863712877125e+27
15,1.7343605612461504e+27
16,1.3783358688827177e+27
17,1.3781915259952714e+27
18,1.377883836388912e+27
19,1.3776442615377666e+27
20,1.404495163893829e+27
21,1.581354666224272e+27
22,1.646482306571734e+27
23,1.6987769790553132e+27
24,1.7170110809248452e+27
25,3.525778028039955e+27
26,5.838397566930507e+27
27,5.839937162932638e+27
28,6.594141090486476e+27
29,6.595001839093457e+27
30,6.596003837542717e+27
31,6.59679918903356e+27
32,6.599222508943214e+27
33,6.602015275373257e+27
34,6.638320225923896e+27
35,6.638945072816599e+27
36,3.363588512912005e+28
37,3.526459195996194e+28
38,3.6206368903521155e+28
39,3.346971491324517e+28
40,1.8058768918023725e+28
41,1.799420736053241e+28
42,5.768590878281379e+28
43,5.7773332854678725e+28
44,5.786637473268924e+28
45,5.808686215130437e+28
46,5.830421731061184e+28
47,5.859416031971847e+28
48,1.6129484471017772e+29
49,1.5519125814027601e+29
50,1.5419165835715533e+29
51,1.5402728464928384e+29
52,1.5375598883489419e+29
53,1.5208314420092276e+29
54,1.3162774314911295e+29
55,1.2001596586827028e+29
56,7.668538958325932e+28
57,7.4923247089364725e+28
58,5.257019644397946e+28
59,1.2986298130251497e+29
60,3.121788903764597e+21
61,3.209212878034432e+17
62,3.8694548708568704e+17
63,3.8704075834225235e+17
64,3.8704111849144525e+17
