iteration,value
0,98.54412445997077
1,255.5923553847469
2,34.302587969498944
3,3.107667986362586
4,0.10661618646697474
5,0.002811372435564816
6,4.858267711326281e-05
7,1.652943676070946e-06
8,8.834873939744702e-08
9,6.576511068542632e-09
10,6.327790046716044e-10
11,7.483478738891924e-11
12,1.049328730812923e-11
13,1.6983033765318899e-12
14,3.1077002819215805e-13
15,6.325564076705081e-14
16,1.4134808812087467e-14
17,3.4303409729238604e-15
18,8.961026873965072e-16
19,2.5008344622092854e-16
