iteration,value
0,18589.697268268785
1,5219079221048.813
2,339006684022.78204
3,273017475638.9914
4,177371271173.7076
5,123958606565.28629
6,89156855380.84822
7,64648277219.86337
8,46623395223.1875
9,33065439004.921757
10,22803769689.809834
11,15109360020.79676
12,9489748165.410896
13,7022138127.391433
14,4617375289.53682
15,2657529008.8656836
16,1917105586.0804563
17,1128968052.5899723
18,533984191.35766053
19,371816685.92212087
20,185444266.71633467
21,130217571.8529789
22,60545052.25136038
23,42545836.77448976
24,18433765.80673864
25,13312975.035370288
26,10629976.320934553
27,5552508.222432591
28,4384625.626076249
29,3755707.9317271523
30,3345439.480487779
31,3049923.928439929
32,2823480.360837515
33,2120039.8658620333
34,1886984.870250449
35,1745561.3829217027
36,1291428.4475426085
37,1187967.1527841347
38,1118045.997869365
39,798367.5195330214
40,734098.073673726
41,410296.55279930815
42,375895.3321407333
43,348575.42263294937
44,325653.3296416425
45,305745.7461150595
46,143414.87208217572
47,119439.38592869425
48,102223.75441599007
49,88749.2604764914
50,1250.6661407323952
51,-101.95509095793778
52,-523.8497800017282
53,-476.4983849480409
54,-278.6496479583151
55,72.1642523369793
56,578.113787666792
57,1241.1011391201412
58,2062.7875651475356
59,3044.6189147972873
60,4187.849214520226
61,5493.562303144214
62,6962.691567973076
63,8596.037819834077
64,64471.87915427678
65,65295.41095893925
66,66199.3701813066
67,88699.47858921223
68,106736.67437303257
69,122501.2281640917
70,136871.5978645153
71,150308.5817237538
72,163089.64472327937
73,175397.01044497784
74,187357.81396080222
75,199064.82500295297
76,210588.12782874668
77,221982.1549656484
78,233290.14821732586
79,244547.10907171378
80,255781.81856015406
81,267018.26099144283
82,278276.6530397156
83,278783.50464560546
84,291272.53444556595
85,303691.27104264684
86,638958.4445818872
87,640123.926839183
88,641409.2824007701
89,642825.7589264885
90,691290.7557459878
91,692575.8534294037
92,736759.4757566996
93,737966.8959390798
94,738014.8060226812
95,739493.9948017562
96,790316.2693952906
97,791660.9954977162
98,838174.5273005856
99,839437.3805694294
100,840830.3365781665
101,889221.2148233403
