iteration,value
0,5.856356147796612
1,-25.30631753763621
2,-67.55077112933705
3,-139.77222275359082
4,-245.92632255907102
5,-388.3691113206719
6,-569.5527974368745
7,-793.1388928863521
8,-1064.2613784769235
9,-1389.8969454337544
10,-1779.0378788975145
11,-2242.9448652965266
12,-2738.2090288891445
13,-3318.3756615383645
14,-4000.417292499951
15,-4805.333021301642
16,-5659.950034452647
17,-6660.323642492211
18,-7836.983915577015
19,-9084.692260519936
20,-10545.322758042184
21,-12262.87461975529
22,-14085.733854605813
23,-16223.16381663112
24,-18741.82121701689
25,-21417.608278710184
26,-24561.809849197103
27,-28269.29726133287
28,-32215.36323138073
29,-36866.711613206506
30,-42377.203132849056
31,-46990.79179083083
32,-51912.21647684479
33,-56682.09048266127
34,-61904.19286259024
35,-67163.74836218703
36,-70512.28717127787
37,-74132.04944022247
38,-74178.50047522353
39,-74320.2739862864
40,-74594.50006992012
41,-74639.89920875696
42,-74869.24987533185
43,-74915.13478501579
44,-75108.57330680612
45,-75056.20768732706
46,-74851.12393401643
47,-74836.22223479504
48,-74954.99089353907
49,-77369.5710148753
50,-77484.87063762365
51,-77406.5965096321
52,-77407.69810681762
53,-77022.36441817004
54,-76988.42029034029
55,-77505.69252885113
56,-76933.87409930787
57,-76148.15517406614
58,-75355.32648438966
59,-75358.55556922857
60,-75460.61109776076
61,-74915.19000684588
62,-74724.32302476806
63,-74659.69830304131
64,-74748.28016337531
65,-75182.78483582109
66,-75192.72955597627
67,-75193.25814465183
68,-75193.7530564137
69,-75055.13457010587
70,-72952.8937270419
71,-72945.83612114258
72,-72939.0439862746
73,-72906.1841757352
74,-71459.94799625946
75,-71743.66001221801
76,-72030.17532245874
77,-72185.4849596472
78,-71777.00138911136
79,-70672.89357170218
80,-70672.87706414511
81,-68374.35331013915
82,-68374.03842487135
83,-68376.68999307152
84,-68379.08411405378
85,-69839.77989983275
86,-69844.59267194638
87,-70006.9928079124
88,-80452.2530577401
89,-80471.7269698107
90,-80490.9339947991
91,-87775.12270541103
92,-95379.23875784373
93,-89802.21527233656
94,-89802.21527224487
95,-89802.21539335012
96,-89930.96711168162
97,-107151.96777517331
98,-107151.97533681341
99,-107151.98378776084
100,-107186.28089124762
101,-107186.28944840502
102,-107521.60275027955
103,-107579.54281585202
104,-119167.87420948085
