iteration,value
0,4144.754783732598
1,517576.5828791044
2,20106.9463020538
3,12040.45554913496
4,8386.648309773338
5,6162.742606351861
6,4705.348253716472
7,3821.4905495026796
8,3238.973113236945
9,2835.4711926829546
10,2546.3407963109557
11,2331.786845105879
12,2170.9180970864327
13,2048.1312241765345
14,1953.038697853518
15,1878.956581558522
16,1821.5698790754466
17,1775.2500562084822
18,1739.4367137055233
19,1710.280393915673
20,1686.2912368950638
21,1665.990059691128
22,1648.0544429842519
23,1632.3755862066846
24,1616.6491290572735
25,1602.4997777648284
26,1589.145208252402
27,1577.5788443218917
28,1559.427902136693
29,1543.3095039007349
30,1526.5800025064464
31,1508.5956572008663
32,1492.4044280275511
33,1472.0457727568346
34,1447.521556091173
35,1452.2925168922002
36,1448.022274677481
37,1413.8130593588194
38,1409.2322633664603
39,1371.1417537720863
40,1346.8885848937841
41,1419.590500957644
42,1475.902294336451
43,1417.1067506468496
44,1354.3053273294154
45,1313.5328691007894
46,1313.3195985278417
47,1408.4839704631834
48,1406.5101019045017
49,1427.5802112340705
50,1416.6220022846155
51,1400.9570353756985
52,1356.6057299917102
53,1390.0071635807608
54,1442.7824982299533
55,1699.454067484172
56,1661.3238170831642
57,1724.360667570586
58,1587.8519825397611
59,1569.0930859183343
60,1829.5873678838097
61,1764.577116181504
62,1724.633116471216
63,1742.5771529105627
64,1669.8913140134564
65,1712.0001245264025
66,1754.906552575129
67,1803.7347492470244
68,1904.1774198214932
69,1975.946740624749
70,2304.743472408662
71,2435.4848355483805
72,2377.8688080599622
73,2334.3206593514315
74,2573.192030292493
75,2832.806212232401
76,2898.816105405345
77,2907.360168925631
78,2878.7907008812986
79,2911.9839676089337
80,2878.072390124698
81,3152.882884704868
82,3182.072425442847
83,3228.5725237683937
84,3235.730579543135
85,3394.302755335983
86,3509.0704940139703
87,3446.4506673661986
88,3368.2614727635837
89,3418.793858532828
90,3535.7758119275677
91,3539.4669545099623
92,3583.6893375423247
93,3512.299599485294
94,3564.794604278913
95,3550.558515227805
