iteration,value
0,5.856356147796612
1,-65.92385127436356
2,-249.98743605855094
3,-585.3666696446023
4,-1099.618955048376
5,-1865.8963124797037
6,-2759.0396075404105
7,-3988.5311387404618
8,-5351.85312528734
9,-6780.145143950353
10,-8592.98757457569
11,-10699.3525643233
12,-13108.015944401159
13,-15584.525906340896
14,-18785.975431016217
15,-22654.985840897985
16,-26619.707357499305
17,-30925.446609563623
18,-36087.93809682794
19,-41502.62996862387
20,-47418.63130475344
21,-53689.0177899706
22,-60500.159324368986
23,-68537.78310227225
24,-77677.97049188956
25,-87500.53679920238
26,-97889.02760666655
27,-109943.47736148287
28,-124431.252129711
29,-140511.92502510216
30,-159362.20211041925
31,-179093.21462457743
32,-198814.99939079362
33,-219857.04911596718
34,-240785.94936980214
35,-260167.5153643414
36,-283951.37013976765
37,-296767.1905397739
38,-306873.5347966986
39,-317909.1096715728
40,-192997.03861382365
41,-340831.56501929276
42,-340760.9277360186
43,-340758.55190168007
44,-340449.8575411822
45,-340690.18563399214
46,-340683.4051833008
47,-340719.43327273184
48,-340660.606806766
49,-341087.1640189911
50,-341387.2298412139
51,-341363.55569505924
52,-345621.7307760981
53,-343122.3992743365
54,-343005.42871543614
55,-340685.96928877075
56,-345078.76662861835
57,-345078.7742086034
58,-345136.43406466534
59,-353169.55462751293
