iteration,value
0,18.522136608117947
1,2.0726701898064857
2,0.015785651531125967
3,0.0002791984008706048
4,7.0539647202404655e-06
5,4.507457375155783e-07
6,4.8392397301399514e-08
7,2.390803527164195e-09
8,3.459596977912123e-11
9,4.005616408936291e-14
10,6.378039735831899e-17
11,6.894144852269984e-19
12,1.7652644892302903e-20
13,7.745306407804267e-22
14,4.974083217770109e-23
