iteration,value
0,228.59955488782822
1,1.8027968744275728e+17
2,538.0671856475313
3,538.0671856474919
4,538.0671856474481
