iteration,value
0,98.54412445997077
1,248.36940465551092
2,20.114912611025694
3,0.06131536813594398
4,4.371856860995375e-06
5,8.094644220022995e-08
6,4.453769313976564e-09
7,4.360470598218303e-10
8,6.187161948286748e-11
9,1.1420678476306801e-11
10,3.0187724256313626e-14
11,1.8766014829928486e-17
12,1.5520160944982622e-19
13,3.42622241031491e-21
14,1.3615222916205984e-22
