iteration,value
0,4193.815043574951
1,4169.522870082902
2,4160.466557566098
3,4156.402895544216
4,4152.653943771018
5,4151.165540716863
6,4150.636484820566
7,4150.458224972981
8,4150.400440742699
9,4150.382709923952
10,4150.377665579198
11,4150.376359936787
12,4150.37607659403
13,4150.376008596514
14,4150.375990858866
15,4150.375985899278
16,4150.3759844283
17,4150.375983971212
18,4150.375983822858
19,4150.375983773315
20,4150.375983756383
21,4150.375983750642
22,4150.375983748626
23,4150.375983747828
24,4150.375983747544
25,4150.375983747397
26,4150.375983747305
27,4150.37598374726
28,4150.375983747237
29,4150.3759837472135
30,4150.375983747195
31,4150.375983747183
32,4150.375983747175
33,4150.375983747171
34,4150.375983747166
35,4150.3759837471625
36,4150.375983747161
37,4150.375983747159
38,4150.375983747158
39,4150.375983747158
40,4150.375983747158
41,4150.375983747157
42,4150.375983747157
43,4150.375983747157
44,4150.375983747157
45,4150.375983747157
46,4150.375983747157
47,4150.375983747157
48,4150.375983747157
49,4150.375983747157
50,4150.375983747156
51,4150.375983747156
52,4150.375983747156
53,4150.375983747156
54,4150.375983747156
55,4150.375983747156
56,4150.375983747156
57,4150.375983747156
58,4150.375983747156
59,4150.375984055405
60,4150.375984383003
61,4150.375984328931
62,4150.37598384091
63,4150.375983757454
64,4150.375983748361
65,4150.375983748007
66,4150.375983747609
67,4150.375983747428
68,4150.37598374737
69,4150.375983747349
70,4150.375983747285
71,4150.375983747258
72,4150.375983747227
73,4150.3759837472135
74,4150.375983747196
75,4150.375983747176
76,4150.375983747171
77,4150.375983747168
78,4150.375983747164
79,4150.3759837471625
80,4150.375983747161
81,4150.37598374716
82,4150.375983747159
83,4150.375983747158
84,4150.375983747157
85,4150.375983747157
86,4150.375983747157
87,4150.375983747157
88,4150.375983747157
89,4150.375983747157
90,4150.375983747156
91,4150.375983747156
92,4150.375983747156
93,4150.375983747156
94,4150.375983747156
95,4150.375983747156
96,4150.375983747156
97,4150.375983747156
98,4150.375983747156
99,4150.375983747156
