iteration,value
0,142727930.60417557
1,4615199814158.421
2,168068.73322593098
3,60449.67681987359
4,10868.392664233892
5,607.5748542047843
6,98.83291075676041
7,97.37321680327769
8,97.34919964702043
9,97.34865906871647
10,97.34864949280819
11,97.34864935687841
12,97.34864935169011
13,97.34864934835721
14,97.34864934509324
