iteration,value
0,142727930.60417557
1,4615199814158.421
2,168068.73322593098
3,109789.76155196127
4,19650.173435200784
5,1018.3685851417546
6,99.69914935481374
7,97.38270982046232
8,97.34941340222326
9,97.34866321431494
10,97.34864979986625
11,97.34864961003808
12,97.34864960418187
13,97.3486496008328
14,97.34864959756777
