iteration,value
0,106.22703069010838
1,161.6463102081644
2,101.45947982846172
3,79.04847987992359
4,69.35338537747849
5,69.31603782180146
6,69.31477227062145
7,69.31471820994193
8,69.31471805678237
9,69.31471805601831
10,69.31471805599614
11,69.31471805599472
12,69.31471805599458
13,69.31471805599455
14,69.31471805599455
