iteration,value
0,12.865817872585756
1,8.02248698165145
2,7.005407971770567
3,6.93343372881274
4,6.931491511334378
5,6.931471850616926
6,6.931471806834262
7,6.931471805680349
8,6.931471805608397
9,6.931471805600849
10,6.931471805599732
11,6.931471805599521
12,6.931471805599472
13,6.931471805599458
14,6.931471805599454
15,6.931471805599454
16,6.931471805599454
17,6.931471805599453
18,6.931471805599453
19,6.931471805599453
