iteration,value
0,12.865817872585756
1,8.09990808134862
2,7.028453619108644
3,6.9419386830313385
4,6.93178639431513
5,6.931474373654249
6,6.931471815218349
7,6.931471805883934
8,6.931471805618778
9,6.931471805601586
10,6.931471805599554
11,6.931471805599454
12,6.931471805599453
13,6.931471805599453
14,6.931471805599453
