iteration,value
0,14.434687332020122
1,1.1772013583651868
2,0.0043083286269422535
3,5.25602680139467e-05
4,2.448267694197208e-06
5,2.1753782482254453e-07
6,1.5955926338381176e-08
7,4.132037608623964e-10
8,1.941136017804808e-12
9,2.0274317415629368e-16
10,1.2387524818803734e-18
11,2.3380356539843745e-20
12,8.391622907837628e-22
13,4.657638704666095e-23
14,3.567605598405899e-24
