iteration,value
0,18.522136608117947
1,3.5060203954670603
2,0.1065668585818086
3,0.00610992043053513
4,0.00041145816813916125
5,2.9899476016014508e-05
6,2.9914358799141553e-06
7,1.1779740108121448e-07
8,1.182222241834495e-09
9,3.3616237263482745e-13
10,1.006511217457809e-15
11,1.3750977034768583e-17
12,4.0387485008734748e-19
13,1.9465562348301645e-20
14,1.3403502004585224e-21
