iteration,value
0,18.522136608117947
1,3.208137064162482e-29
2,2.729216097212911e-30
3,2.4485355168462928e-32
4,1.6126905814168168e-33
