iteration,value
0,12.865817872585756
1,7.92414053812026
2,7.113213208043132
3,6.9377938740813265
4,6.931523803644842
5,6.931471846517126
6,6.931471806132486
7,6.931471805624695
8,6.931471805601703
9,6.93147180559975
10,6.931471805599505
11,6.931471805599465
12,6.931471805599456
13,6.931471805599454
14,6.931471805599453
