iteration,value
0,18.522136608117947
1,1.4778027005157521
2,0.004520769156498159
3,4.9792010188145466e-05
4,2.2244554557193134e-06
5,1.928911003135218e-07
6,1.4775476183461708e-08
7,4.065823641214152e-10
8,2.1513351658908896e-12
9,9.418192858574216e-17
